CLADE	FAMILY_ID	MIRBASE_IDS	SEQ	M12	M18	M19	SRR1646483	SRR837826
birds_reptiles	2131	gga-miR-2131	ATGCAGAAGTGCACGGAAAC	0	0	0	9	0
birds_reptiles	2954	gga-miR-2954,tgu-miR-2954	CATCCCCATTCCACTCCTAG	0	0	0	245	0
birds_reptiles	1677	gga-miR-1677	TCCTGCACCGCTGAAGTCAA	0	0	0	5	0
birds_reptiles	1451	gga-miR-1451	TCGCACAGGAGCAAGTTACC	0	0	0	29	0
birds_reptiles	1467	gga-miR-1467	TCTCAGCTACATCGGTGTAA	0	0	0	9	0
birds_reptiles	1559	gga-miR-1559,tgu-miR-1559	TTCGATGCTTGTATGCTACT	0	0	0	25	0
primates	548	hsa-miR-548e	AAAAACTGAGACTACTTTTG	0	1	1	0	2
primates	548	hsa-miR-548ak,hsa-miR-548w	AAAAGTAACTGCGGTTTTTG	0	0	1	0	0
primates	548	hsa-miR-548ar	AAAAGTAATTGCAGTTTTTG	0	1	0	0	0
primates	548	hsa-miR-548j,ptr-miR-548j	AAAAGTAATTGCGGTCTTTG	0	1	0	0	0
primates	548	hsa-miR-548am,hsa-miR-548au,hsa-miR-548c,hsa-miR-548o,ppy-miR-548h,ptr-miR-548o	AAAAGTAATTGCGGTTTTTG	0	0	0	0	1
primates	548	ggo-miR-548c,hsa-miR-548k,ppy-miR-548c,ptr-miR-548k	AAAAGTACTTGCGGATTTTG	2	2	1	0	0
primates	618	hsa-miR-618,mml-miR-618,ppy-miR-618,ptr-miR-618	AAACTCTACTTGTCCTTCTG	1	0	0	0	0
primates	944	hsa-miR-944,ptr-miR-944	AAATTATTGTACATCGGATG	1	0	0	0	0
primates	552	hsa-miR-552,ptr-miR-552	AACAGGTGACTGGTTAGACA	11	10	13	2	1
primates	576	hsa-miR-576,mml-miR-576,ppy-miR-576,ptr-miR-576	AAGATGTGGAAAAATTGGAA	0	0	0	0	1
primates	616	hsa-miR-616	ACTCAAAACCCTTCAGTGAC	0	1	0	0	0
primates	642	hsa-miR-642a	AGACACATTTGGAGAGGGAA	0	0	0	0	1
primates	576	hsa-miR-576	ATTCTAATTTCTCCACGTCT	1	1	0	0	1
primates	548	ppy-miR-548f	CAAAAACTGTAATTACTTTT	1	0	0	0	0
primates	548	hsa-miR-548e	CAAAAGCAATCGCGGTTTTT	0	0	1	0	0
primates	548	hsa-miR-548o	CCAAAACTGCAGTTACTTTT	2	1	1	0	0
primates	1269	hsa-miR-1269b,ppy-miR-1269	CTGGACTGAGCCATGCTACT	13	0	3	0	0
primates	1269	hsa-miR-1269a	CTGGACTGAGCCGTGCTACT	21	3	2	0	0
primates	556	hsa-miR-556,ppy-miR-556	GATGAGCTCATTGTAATATG	0	0	1	0	0
primates	887	ggo-miR-887,hsa-miR-887,mml-miR-887,ppy-miR-887,ptr-miR-887	GTGAACGGGCGCCATCCCGA	2	0	2	0	0
primates	627	hsa-miR-627,ptr-miR-627	GTGAGTCTCTAAGAAAAGAG	0	0	0	1	0
primates	577	hsa-miR-577,mml-miR-577,ppy-miR-577,ptr-miR-577	TAGATAAAATATTGGTACCT	0	1	0	0	0
primates	1278	ggo-miR-1278,hsa-miR-1278,ptr-miR-1278	TAGTACTGTGCATATCATCT	0	0	0	0	1
primates	586	hsa-miR-586,ppy-miR-586,ptr-miR-586	TATGCATTGTATTTTTAGGT	0	0	1	0	0
primates	934	hsa-miR-934,mml-miR-934,ppy-miR-934,ptr-miR-934	TGTCTACTACTGGAGACACT	0	0	1	0	0
primates	550	hsa-miR-550a	TGTCTTACTCCCTCAGGCAC	1	1	1	0	0
primates	584	ggo-miR-584,hsa-miR-584,mml-miR-584,ppy-miR-584,ptr-miR-584	TTATGGTTTGCCTGGGACTG	27	16	3	10	2
